{"cameraMode":{"drawMode":0,"name":"Shaded","section":"Shading Mode"},"sceneLighting":false,"audioPlay":false,"sceneViewState":{"showFog":true,"showMaterialUpdate":false,"showSkybox":false,"showFlares":true,"showImageEffects":true,"showParticleSystems":true,"showVisualEffectGraphs":true,"m_FxEnabled":true},"in2DMode":false,"pivot":{"x":5.701309680938721,"y":1.4552066326141358,"z":11.467429161071778},"rotation":{"x":0.0046783494763076309,"y":-0.19734248518943788,"z":0.001056406763382256,"w":0.9799255728721619},"size":7.22998571395874,"orthographic":false}