{"cameraMode":{"drawMode":0,"name":"Shaded","section":"Shading Mode"},"sceneLighting":false,"audioPlay":false,"sceneViewState":{"showFog":true,"showMaterialUpdate":false,"showSkybox":false,"showFlares":true,"showImageEffects":true,"showParticleSystems":true,"showVisualEffectGraphs":true,"m_FxEnabled":true},"in2DMode":false,"pivot":{"x":10.684762954711914,"y":2.0886809825897219,"z":-0.15240050852298737},"rotation":{"x":0.028320951387286187,"y":-0.9204847812652588,"z":0.06804227828979492,"w":0.3827514946460724},"size":0.07334082573652268,"orthographic":false}