{"cameraMode":{"drawMode":0,"name":"Shaded","section":"Shading Mode"},"sceneLighting":false,"audioPlay":false,"sceneViewState":{"showFog":true,"showMaterialUpdate":false,"showSkybox":false,"showFlares":true,"showImageEffects":true,"showParticleSystems":true,"showVisualEffectGraphs":true,"m_FxEnabled":true},"in2DMode":false,"pivot":{"x":10.259129524230957,"y":1.077115774154663,"z":-1.9554308652877808},"rotation":{"x":-0.06668088585138321,"y":0.11570657044649124,"z":0.0077250367030501369,"w":0.9906193614006043},"size":0.03535505384206772,"orthographic":false}