{"cameraMode":{"drawMode":0,"name":"Shaded","section":"Shading Mode"},"sceneLighting":false,"audioPlay":false,"sceneViewState":{"showFog":true,"showMaterialUpdate":false,"showSkybox":true,"showFlares":true,"showImageEffects":true,"showParticleSystems":true},"in2DMode":false,"pivot":{"x":311.1650695800781,"y":7.850859642028809,"z":51.73548889160156},"rotation":{"x":0.11144375801086426,"y":-0.3034391701221466,"z":0.03576161339879036,"w":0.9456399083137512},"size":10.0,"orthographic":false}